{
  "agent": "q_learning",
  "n_seeds": 10,
  "n_eval_episodes": 200,
  "reward_mean": 47.794,
  "reward_std": 0.1383618444514231,
  "steps_mean": 8.919500000000001,
  "steps_std": 0.19215163283199033,
  "success_mean": 1.0,
  "success_std": 0.0,
  "collision_mean": 0.0,
  "collision_std": 0.0,
  "per_seed_rewards": [
    47.775,
    47.855,
    47.88,
    47.59,
    47.86,
    48.01,
    47.655,
    47.565,
    47.84,
    47.91
  ],
  "per_seed_steps": [
    8.79,
    8.77,
    9.035,
    9.22,
    9.055,
    8.58,
    8.955,
    8.905,
    9.155,
    8.73
  ],
  "per_seed_successes": [
    1.0,
    1.0,
    1.0,
    1.0,
    1.0,
    1.0,
    1.0,
    1.0,
    1.0,
    1.0
  ],
  "per_seed_collisions": [
    0.0,
    0.0,
    0.0,
    0.0,
    0.0,
    0.0,
    0.0,
    0.0,
    0.0,
    0.0
  ]
}