{
  "agent": "random",
  "n_seeds": 10,
  "n_eval_episodes": 200,
  "reward_mean": -71.134,
  "reward_std": 3.2775507623834015,
  "steps_mean": 12.468,
  "steps_std": 0.9030315609102486,
  "success_mean": 0.024,
  "success_std": 0.01067707825203131,
  "collision_mean": 0.976,
  "collision_std": 0.01067707825203132,
  "per_seed_rewards": [
    -66.08,
    -69.015,
    -73.995,
    -77.06,
    -72.79,
    -74.04,
    -68.46,
    -68.33,
    -72.74,
    -68.83
  ],
  "per_seed_steps": [
    10.665,
    12.19,
    13.29,
    14.11,
    12.33,
    13.33,
    11.935,
    11.985,
    12.715,
    12.13
  ],
  "per_seed_successes": [
    0.02,
    0.04,
    0.025,
    0.01,
    0.01,
    0.02,
    0.025,
    0.025,
    0.02,
    0.045
  ],
  "per_seed_collisions": [
    0.98,
    0.96,
    0.975,
    0.99,
    0.99,
    0.98,
    0.975,
    0.975,
    0.98,
    0.955
  ]
}