{
  "agent": "heuristic",
  "n_seeds": 10,
  "n_eval_episodes": 200,
  "reward_mean": -117.4215,
  "reward_std": 5.991476883874293,
  "steps_mean": 136.124,
  "steps_std": 4.761628817957146,
  "success_mean": 0.32799999999999996,
  "success_std": 0.0244131112314674,
  "collision_mean": 0.0,
  "collision_std": 0.0,
  "per_seed_rewards": [
    -115.75,
    -110.905,
    -114.52,
    -130.53,
    -118.21,
    -115.625,
    -125.395,
    -113.41,
    -119.27,
    -110.6
  ],
  "per_seed_steps": [
    134.865,
    130.89,
    133.875,
    146.475,
    136.72,
    134.7,
    142.475,
    132.685,
    137.755,
    130.8
  ],
  "per_seed_successes": [
    0.335,
    0.355,
    0.34,
    0.275,
    0.325,
    0.335,
    0.295,
    0.345,
    0.32,
    0.355
  ],
  "per_seed_collisions": [
    0.0,
    0.0,
    0.0,
    0.0,
    0.0,
    0.0,
    0.0,
    0.0,
    0.0,
    0.0
  ]
}