{
  "agent": "sarsa",
  "n_seeds": 10,
  "n_eval_episodes": 200,
  "reward_mean": 47.72500000000001,
  "reward_std": 0.1277888884058387,
  "steps_mean": 8.988499999999998,
  "steps_std": 0.26466063175319454,
  "success_mean": 1.0,
  "success_std": 0.0,
  "collision_mean": 0.0,
  "collision_std": 0.0,
  "per_seed_rewards": [
    47.695,
    47.7,
    47.735,
    47.505,
    47.75,
    47.675,
    47.875,
    47.905,
    47.54,
    47.87
  ],
  "per_seed_steps": [
    8.87,
    8.925,
    9.18,
    9.305,
    9.165,
    8.915,
    8.735,
    8.565,
    9.455,
    8.77
  ],
  "per_seed_successes": [
    1.0,
    1.0,
    1.0,
    1.0,
    1.0,
    1.0,
    1.0,
    1.0,
    1.0,
    1.0
  ],
  "per_seed_collisions": [
    0.0,
    0.0,
    0.0,
    0.0,
    0.0,
    0.0,
    0.0,
    0.0,
    0.0,
    0.0
  ]
}